ID,Boutique Name,Category,Website,50-Word Description,Hero Image,Address,Product Images 1,Product Images 2,Product Images 3,Product Images 4,Product Images 5,Product Images 6
MST_0001,25 Willow Boutique,Clothing Boutique,https://25willow.com/,"25 Willow is a cottagecore-inspired boutique blending high-street fashion with local designers and independent brands. The shop offers a curated mix of romantic, trend-forward clothing alongside charming homeware favorites. With a focus on individuality and modern femininity, 25 Willow creates a cozy, thoughtfully styled shopping experience.",https://25willow.com/cdn/shop/files/4D6038CF-32DB-454B-91D0-1B230B66DBFB.jpg?v=1760116081&width=3000,"73 Charles St, Boston, MA 02114",https://25willow.com/cdn/shop/files/278f5c3d421a374e7157afec08c3689beb975ea89647bebacec99c698f0f90c1.jpg?v=1769789744,https://25willow.com/cdn/shop/files/3c22dba7d9bad782a19ec7bf2cd3a80fa78d02a14da55b51bcee1f7a31c42531.jpg?v=1769789916,https://25willow.com/cdn/shop/files/5fdae4729283805319685b405841e7c63350c396d2eae2f373f1199b8eda4ac2.jpg?v=1769029170,https://25willow.com/cdn/shop/files/dcf9d427686ba122d6761b31af34957de90b9ec1b34a7a9ff9e7db2ad23635ec.jpg?v=1768941030,https://25willow.com/cdn/shop/files/da339a5e8428c5669aa37a23a37b1173aeee881cf5c21805d80fa7b9fe591f8f.jpg?v=1749140299,https://25willow.com/cdn/shop/files/e46ba9bc9d2c16644b277d8a47e84b32d172df70d56f5407da0b892803e74d41.jpg?v=1734733377
MST_0002,Alan Bilzerian,Clothing Boutique,https://www.alanbilzerian.com,"Alan Bilzerian is a four-story Back Bay boutique showcasing decades of curated global fashion. Founded by Alan and Be Bilzerian, the store blends art, architecture, and avant-garde style. Featuring designers like Yohji Yamamoto and exclusive cashmere pieces, it offers a truly distinctive luxury retail experience.",https://scontent-bos5-1.xx.fbcdn.net/v/t39.30808-6/481989400_7683910065066125_9027753105281866534_n.jpg?_nc_cat=111&ccb=1-7&_nc_sid=2a1932&_nc_ohc=gwlZQorqp1EQ7kNvwHI6CrL&_nc_oc=Adkntfp5n24P1JZCEmgR6uCk4Y7QoK6qxXwv2re7K2waeDYI6dFY4vwEV_28GlvQZXI&_nc_zt=23&_nc_ht=scontent-bos5-1.xx&_nc_gid=WYu0fy6icPOwZBOV4jJs-g&oh=00_AfvpYnjV90JueYceUtV3wh8Ta32JajoFEhh8hPEIZsB5VQ&oe=699FF0DF,"34 Newbury St, Boston, MA, 02116",https://cdn11.bigcommerce.com/s-826bu71r58/images/stencil/2560w/products/3834/30474/alan-bilzerian-product-photo-template_0004_Brightness_Contrast-2__58678.1758641833.png?c=2,https://cdn11.bigcommerce.com/s-826bu71r58/images/stencil/2560w/products/3833/30468/alan-bilzerian-product-photo-template_0000_DSCF2351__38685.1758641456.png?c=2,https://cdn11.bigcommerce.com/s-826bu71r58/images/stencil/2560w/products/3832/30464/alan-bilzerian-product-photo-template_0002_DSCF2341__14121.1758390454.png?c=2,https://cdn11.bigcommerce.com/s-826bu71r58/images/stencil/2560w/products/3831/30454/alan-bilzerian-product-photo-template_0009_Brightness_Contrast-3__52616.1757689632.png?c=2,https://cdn11.bigcommerce.com/s-826bu71r58/images/stencil/2560w/products/3830/30448/alan-bilzerian-product-photo-template_0006_Brightness_Contrast-2__19562.1757689207.png?c=2,https://cdn11.bigcommerce.com/s-826bu71r58/images/stencil/2560w/products/3829/30444/alan-bilzerian-product-photo-template_0000_DSCF7314__94088.1757688914.png?c=2
MST_0003,Blackstone's of Beacon Hill,Home Good,https://www.blackstonesboston.com,"Blackstone's of Beacon Hill is a trusted destination for premium cookware, cutlery, and home goods. Located on Charles Street, it offers expert knife services and thoughtfully curated culinary tools. With over 40 years of history, it serves home cooks, professionals, and gift seekers alike.",https://cdn.shoplightspeed.com/shops/634342/files/73623384/2760x1240x1/image.jpg,"40 Charles Street, Boston, MA, 02114",https://cdn.shoplightspeed.com/shops/634342/files/74167649/660x900x2/ceramic-fish-table-decor-knife-rest.jpg,https://cdn.shoplightspeed.com/shops/634342/files/74103871/660x900x2/stainless-steel-multipot-w-strainer-8-qt.jpg,https://cdn.shoplightspeed.com/shops/634342/files/74408251/660x900x2/pastel-cardinals-oyster-trinket-dish.jpg,https://cdn.shoplightspeed.com/shops/634342/files/74316677/660x900x2/shiranami-8-chefs-knife.jpg,https://cdn.shoplightspeed.com/shops/634342/files/74192158/660x900x2/new-england-patriots-white-hand-towel-16-x-24.jpg,https://cdn.shoplightspeed.com/shops/634342/files/74186137/660x900x2/sexy-socks.jpg
MST_0004,Blue Dry Goods,Clothing Boutique,https://bluedrygoods.com,"Blue Dry Goods is a Concord-based menswear store offering comfortable, wearable clothing that blends tradition with modern trends. Featuring updated classics, accessories, and shoes for men and boys, the shop focuses on timeless style with a fresh perspective and personalized customer service.",https://encrypted-tbn0.gstatic.com/images?q=tbn:ANd9GcTN-VS1mU6bmFThomjLLidazixMooJx7qSLaJZObR1-Rw&s,"16A Walden St, Concord, MA, 01742",https://bluedrygoods.com/cdn/shop/files/0C40D699-DC44-4D26-BD85-3E07BFD4609C.webp?v=1768504834,https://bluedrygoods.com/cdn/shop/files/359EFB78-EA6F-4825-8311-F442B923BDA2.webp?v=1752258377,https://bluedrygoods.com/cdn/shop/files/F40503E5-D0A1-45F8-A56C-27509891C746.jpg?v=1763058448,https://bluedrygoods.com/cdn/shop/files/F9E3ABE8-4BAA-41D3-BE17-B95170C65353.jpg?v=1763058913,https://bluedrygoods.com/cdn/shop/files/IMG-1433.webp?v=1770307059,https://bluedrygoods.com/cdn/shop/files/35B36311-93C1-4B3D-87B5-D8D6DC47B197.jpg?v=1770306262
MST_0005,BOS. Shop South End,Clothing Boutique,https://www.blackownedbos.com/s/shop,"Black Owned Bos. is a Boston-based business consultancy amplifying and supporting Black-owned businesses. Through events, partnerships, and a digital directory, it increases visibility and opportunity across Greater Boston. Mission-driven and community-focused, it empowers entrepreneurs while fostering sustainable economic growth and cultural impact.",https://scontent-iad3-1.cdninstagram.com/v/t51.71878-15/630180440_1199386165518666_543629490415802745_n.jpg?stp=dst-jpg_e35_tt6&_nc_cat=107&ccb=7-5&_nc_sid=18de74&efg=eyJlZmdfdGFnIjoiQ0xJUFMuYmVzdF9pbWFnZV91cmxnZW4uQzMifQ%3D%3D&_nc_ohc=llVXf9SyXA0Q7kNvwHHahNW&_nc_oc=Adl230bpNw4rY5_V4_oKWsjMcMaOW9eAKIrDkRKpdCMOVIqGhLIj177BCihf_-MvP-4&_nc_zt=23&_nc_ht=scontent-iad3-1.cdninstagram.com&edm=ANo9K5cEAAAA&_nc_gid=KTNB57lvJNhsyLzyaj181Q&_nc_tpa=Q5bMBQH7l9NiARwmqWXmp3DSy4uxuKY6WgMmRj0pEJoYsOck0iFMuJOo7B-Ms2yys2vRHZWEBxHWucESfA&oh=00_AfupdGxFNtJehGpAKslWGdFJ0rSMYhB9Bm9YomUIJ7rqcQ&oe=699FC92F,"623 Tremont St, Boston, MA, 02118",https://125032762.cdn6.editmysite.com/uploads/1/2/5/0/125032762/RJNKXNED2SJGORA7MBR3PFSO.jpeg?width=2560&dpr=2,https://125032762.cdn6.editmysite.com/uploads/1/2/5/0/125032762/GR67I3AUIJS5HMINPYAD4NBU.jpeg?width=2560&dpr=2,https://125032762.cdn6.editmysite.com/uploads/1/2/5/0/125032762/HS6EGPXNBWWXEPKL4BW64AYC.jpeg?width=2560&dpr=2,https://125032762.cdn6.editmysite.com/uploads/1/2/5/0/125032762/Q6URP65WQBBYBNL5UU3ZGJEX.jpeg?width=2560&dpr=2,https://125032762.cdn6.editmysite.com/uploads/1/2/5/0/125032762/OXN5YW6SMUU7VWSUVEGGJNLW.jpeg?width=2560&dpr=2,https://125032762.cdn6.editmysite.com/uploads/1/2/5/0/125032762/D7CL6SPNA346YMKZ4CMEESSC.jpeg?width=2560&dpr=2
MST_0006,Boston Fiber Company,Stationary,https://www.bostonfibercompany.com,"Boston Fiber Company is a queer-owned yarn shop dedicated to community and craftsmanship. Featuring yarn from independent, women-, queer-, and BIPOC-owned brands, it offers unique fibers for knitters and crafters. Since opening in 2022, it has become a vibrant creative hub in Boston.",https://www.bostonfibercompany.com/cdn/shop/files/Store_Photo_1.1.jpg?v=1697154811&width=3000,"61 Thayer St, Boston, MA, 02118",https://www.bostonfibercompany.com/cdn/shop/files/32inchPackaging_482x1122_466f0949-2094-43b2-974c-64db7fdc2085.jpg?v=1729705780,https://www.bostonfibercompany.com/cdn/shop/files/220SWGrande_807_yarnskein.jpg?v=1745083789,https://www.bostonfibercompany.com/cdn/shop/files/220SWMerino-71-Parsnip.jpg?v=1737663296,https://www.bostonfibercompany.com/cdn/shop/files/32inchPackaging_482x1122_466f0949-2094-43b2-974c-64db7fdc2085.jpg?v=1729705780,https://www.bostonfibercompany.com/cdn/shop/files/32inchPackaging_482x1122_466f0949-2094-43b2-974c-64db7fdc2085.jpg?v=1729705780,https://www.bostonfibercompany.com/cdn/shop/files/515o1RB_-hL._AC_SY300_SX300.jpg?v=1731951802
MST_0007,Boston General Store,Gifts,https://www.bostongeneralstore.com,"Boston General Store offers functional, high-quality goods inspired by traditional general stores. Founded in 2013, it features timeless products built to last, celebrating craftsmanship and intentional design. With brick-and-mortar locations and an online shop, it honors heritage while serving modern communities.",https://www.bostongeneralstore.com/cdn/shop/files/boston-general-store-desktop-banner-kitchen.jpg?v=1767889583&width=3600,"305 Harvard St, Brookline, MA, 02446",https://www.bostongeneralstore.com/cdn/shop/products/hot-water-bottle-boston-general-store-2638150.jpg?v=1760390464&width=1536,https://www.bostongeneralstore.com/cdn/shop/files/gemini-espresso-maker-boston-general-store-9293062.jpg?v=1769542598&width=1536,https://www.bostongeneralstore.com/cdn/shop/files/gardana-hemp-clogs-boston-general-store-9364853.jpg?v=1760388294&width=1536,https://www.bostongeneralstore.com/cdn/shop/files/hibi-incense-matches-boston-general-store-8003178.jpg?v=1760390383&width=1536,https://www.bostongeneralstore.com/cdn/shop/files/gift-card-boston-general-store-7493288.jpg?v=1760390616&width=1536,https://www.bostongeneralstore.com/cdn/shop/products/glass-water-kettle-boston-general-store-4452094.jpg?v=1760390290&width=1536
MST_0008,Cadeau Boutique & Gallery,Clothing Boutique,https://cadeauboston.com,"Cadeau Boutique and Gallery is a lifestyle shop devoted to handmade goods and independent labels. Emphasizing sustainability and ethical production, it offers distinctive jewelry, art, home d√©cor, shoes, and clothing. Each carefully chosen piece is meant to feel like a meaningful everyday gift.",https://cadeauboston.com/cdn/shop/files/cadeau_sf_1000x1000.jpg,"214 Washington St, Brookline, MA, 02445",https://cadeauboston.com/cdn/shop/files/Cadeau_50-114_2048x.jpg?v=1763998084,https://cadeauboston.com/cdn/shop/files/Cadeau_50-121_2048x.jpg?v=1763998084,https://cadeauboston.com/cdn/shop/files/Cadeau_50-119_2048x.jpg?v=1763998085,https://cadeauboston.com/cdn/shop/files/Cadeau_50-97_2048x.jpg?v=1763835343,https://cadeauboston.com/cdn/shop/files/image_4e5a7972-4a6d-4d93-b848-0ed2c828b715_2048x.jpg?v=1756581046,https://cadeauboston.com/cdn/shop/files/image_44e3b375-667b-4e20-a406-ebcffa18d5d3_2048x.jpg?v=1756581121
MST_0009,Cattivo,Clothing Boutique,https://shopcattivo.com,"Cattivo is a contemporary women's boutique blending bohemian glam with rock-and-roll edge. Curated by a mother and daughters, it features emerging designers and established brands. With trendy yet timeless styles, the store celebrates individuality and free-spirited fashion for modern women.",https://shopcattivo.com/cdn/shop/files/Collage_2520002.jpg?v=1700753158&width=1800,"170 Newbury St, Boston, MA, 02116",https://shopcattivo.com/cdn/shop/files/For-Love-_-Lemons-Riley-Mini-Dress-Blue-1_3000x_1.webp?crop=center&height=900&v=1771448549&width=600,https://shopcattivo.com/cdn/shop/files/AspenKnitTop13.webp?crop=center&height=1425&v=1765495263&width=950,https://shopcattivo.com/cdn/shop/files/240819_BC_FLL_SP25_RTW_PDP_CD3687_BLACK-CREAM_0036_1080x_2472cf58-17b5-4f31-8293-e14a9ec201d1.webp?crop=center&height=1425&v=1764953973&width=950,https://shopcattivo.com/cdn/shop/files/HudaMaxiDressinRed1.webp?crop=center&height=1425&v=1764714640&width=950,https://shopcattivo.com/cdn/shop/files/imgi_99_AMAN-WS1170_V4.jpg?crop=center&height=1425&v=1765469748&width=950,https://shopcattivo.com/cdn/shop/files/ANETTESEQUINMIDIDRESS-CHOCOLATE-02_jpg.webp?crop=center&height=1275&v=1763348790&width=850
MST_0010,Center Goods,Home Good,https://center-goods.com,"Center Goods is a mission-driven shop focused on eco-friendly, sustainable living. Offering refillable home and personal care products, plastic-free essentials, and ethically made goods, it empowers conscious consumer choices. The store supports community impact and environmental responsibility through thoughtful sourcing and advocacy.",https://i0.wp.com/lexobserver.org/wp-content/uploads/2022/06/IMG_3199-scaled.jpeg?w=2560&quality=89&ssl=1,"30 Waltham St, Lexington, MA, 02421",https://center-goods.com/cdn/shop/products/UnpasteToothpasteTabletsMintWithFluorideCenterGoods.jpg?v=1673370560,https://center-goods.com/cdn/shop/products/BiodegradableBambooToothbrushAdult.jpg?v=1594334175,https://center-goods.com/cdn/shop/products/CompostableSilkDentalFlossRefillsCenterGoods.jpg?v=1651767902,https://center-goods.com/cdn/shop/products/GrapefruitLemonDeoderantCenterGoods.jpg?v=1617738933,https://center-goods.com/cdn/shop/files/RaspberryRoseLipBalmCenterGoods.jpg?v=1757719012,
